,Industry,ESG Risk Score,Environment Risk Score,Social Risk Score,Governance Risk Score,2019 Performance,Market Cap,Latitude,Longitude
0,Luxury Goods,11.0,1.0,4.0,6.0,44.88,116333333333.33,48.86,2.35
1,REIT—Diversified,12.0,2.5,3.5,6.0,33.06,8365000000.0,48.97,4.23
2,Footwear & Accessories,12.0,1.0,5.0,7.0,42.18,70200000000.0,48.86,2.35
3,Employment Services,12.0,0.05,8.2,3.95,30.12,6290000000.0,40.25,-105.04
4,Staffing & Employment Services,12.0,0.0,9.0,4.0,35.79,9640000000.0,52.34,4.96
5,Insuranceâ€”Diversified,13.0,1.0,1.0,12.0,0.33,557000000000.0,41.26,-95.93
6,Apparel Manufacturing,13.0,1.5,6.0,6.0,-3.38,6260000000.0,39.65,-78.98
7,Semiconductor Equipment & Materials,13.0,4.0,3.0,6.0,92.26,113000000000.0,51.42,5.41
8,Financial Conglomerates,14.0,0.0,4.0,10.0,23.1,6550000000.0,40.71,-74.01
9,Auto Parts,14.5,3.0,4.5,7.0,24.48,12750000000.0,47.32,2.72
